rank_2020,company,usa_primary,usa_uei,usa_link,alt_names_and_children
1,Lockheed Martin Corp.,T,ZFN2JJXBLZT3,https://www.usaspending.gov/recipient/b97d19b0-833c-8d8f-3a2c-157d04ea55ef-P/latest,"COMPOSITE TECHNOLOGY INC.|DERCO AEROSPACE INC.|LOCKHEED MARTIN CANADA INC|LOCKHEED MARTIN CORPORAT|LOCKHEED MARTIN CORPORATION (3632)|LOCKHEED MARTIN GLOBAL INC.|LOCKHEED MARTIN INTEGRATED SYSTEMS LLC|LOCKHEED MARTIN SERVICES INC.|LOCKHEED MARTIN SERVICES LLC|LOCKHEED MARTIN SIPPICAN INC.|POLSKIE ZAKLADY LOTNICZE SP Z O O|SIKORSKY AIRCRAFT CORPORATION|SIKORSKY SUPPORT SERVICES INC.|LOCKHEED MARTIN CORPORATION|LOCKHEED MARTIN CORP|SIKORSKY AIRCRAFT CORP|LOCKHEED MARTIN SIPPICAN, INC.|LOCKHEED MARTIN SERVICES, LLC|LOCKHEED MARTIN GLOBAL, INC.|LOCKHEED MARTIN ACULIGHT CORPORATION|DERCO AEROSPACE, INC.|LOCKHEED MARTIN SIPPICAN INC|ASTROTECH SPACE OPERATIONS LLC|LOCKHEED MARTIN LOGISTIC SERVICES INC|ZETA ASSOCIATES, INC.|LOCKHEED MARTIN PROCERUS TECHNOLOGIES, L.C.|SIKORSKY SUPPORT SERVICES, INC.|LOCKHEED MARTIN COHERENT TECHNOLOGIES, INC.|POLSKIE ZAKLADY LOTNICZE SP Z O O|LOCKHEED MISSILES & SPACE COMP|KEYSTONE HELICOPTER CORP|PAE KOREA LIMITED|LOCKHEED MARTIN INTEGRATED SYSTEMS, LLC|SYTEX, INC.|LOCKHEED MARTIN INTEGRATED TECHNOLOGY LIMITED LIABILITY COMPANY|LOCKHEED MARTIN AUSTRALIA PTY LIMITED|LEIDOS MANAGEMENT SYSTEMS DESIGNERS, INC.|HELICOPTER SUPPORT, INC.|LEIDOS GOVERNMENT SERVICES, INC.|EAGLE GROUP INTERNATIONAL, LLC|LOCKHEED MARTIN MILLIMETER TECHNOLOGIES, INC.|LEIDOS INTEGRATED TECHNOLOGY, LLC|LOCKHEED MARTIN SPACE OPERATIONS COMPANY|DEFENSE LOGISTICS SERVICES LLC|COMPOSITE TECHNOLOGY, INC.|LOCKHEED MARTIN AIRCRAFT CENTER|LOCKHEED MARTIN INTERNATIONAL SERVICE CORPORATION|LEIDOS DIGITAL SOLUTIONS INC|PACIFIC OPERATIONS MAINTENANCE CO.|QTC MANAGEMENT, INC.|PAE JUSTICE SUPPORT|LEIDOS FEDERAL HEALTHCARE, INC.|LEIDOS INFORMATION TECHNOLOGY COMMERCIAL CORPORATION|LOCKHEED MARTIN SERVICES, INC.|SANDIA RESEARCH CORPORATION|LOCKHEED MARTIN INTEGRATED SYSTEMS, LLC|LOCKHEED MARTIN COMMERCIAL LAUNCH SERVICES, INC.|LOCKHEED MARTIN MISSION SYSTEMS CORPORATION|LEIDOS INC|LEIDOS SMS, INC.|LEIDOS ASPENMED SERVICES, LLC|LOCKHEED MARTIN OVERSEAS, LLC|SAVI TECHNOLOGY INCORPORATED|LOCKHEED MARTIN AUSTRALIA ELECTRONIC SYSTEMS PTY LTD|LEIDOS ENGINEERING & SCIENCES, LLC|LOCKHEED MARTIN LOGISTICS MANAGEMENT INC|LOCKHEED MARTIN AEROPARTS, INC.|NATIONAL TECHNOLOGY & ENGINEERING SOLUTIONS OF SANDIA, LLC|LOCKHEED MARTIN CANADA INC|PERCEPTEK, INC.|LOCKHEED MARTIN UNMANNED INTEGRATED SYSTEMS, INC.|DERCO REPAIR SERVICES,INC.|TEAM INNOVATION IN INTEGRATION (T13), LLC|PAE TECHNICAL SERVICES GMBH|SIKORSKY SUPPORT SERVICES, INC.|INFORMATION NETWORK SYSTEMS, LLC|OAO CORPORATION|LEIDOS ENGINEERING & SCIENCES, LLC|LEIDOS TECHNICAL SERVICES, INC.|PAE GOVERNMENT SERVICES, INC.|LEIDOS ASPEN SYSTEMS CORPORATION|LOCKHEED MARTIN SPACE OPERATIONS COMPANY|ENFLITE, LLC|INFORMATION NETWORK SYSTEMS INCORPORATED|QTC MEDICAL SERVICES, INC.|LOCKHEED MARTIN AERONAUTICS SERVICE-INTERNATIONAL|LOCKHEED MARTIN CDL SYSTEMS USA, INC.|PAE SINGAPORE PTE. LTD.|LEIDOS GOVERNMENT SERVICES, INC.|LOCKHEED MARTIN UK INTEGRATED SYSTEMS & SOLUTIONS LTD|LIFEPORT, LLC|ORINCON INFORMATION ASSURANCE|AEROMECH ENGINEERING, INC.|LOCKHEED MARTIN AERONAUTICS COMPANY|SYNETICS INCORPORATED|LOCKHEED MARTIN GYROCAM SYSTEMS LLC|LOCKHEED MARTIN CANADA INC|LONGBOW LLC|LOCKHEED MARTIN AERONAUTICAL SYSTEMS SUPPORT COMPANY"
1,Lockheed Martin Corp.,F,MKGBNMGL19Y6,https://www.usaspending.gov/recipient/ebaaae81-1c39-a78f-5f6e-609314194ed1-P/latest,
1,Lockheed Martin Corp.,F,U88ZQA9N5KL6,https://www.usaspending.gov/recipient/03d60acd-20af-4eb0-ec18-27aab5e29064-P/latest,
1,Lockheed Martin Corp.,F,F92XQFEXBTY5,https://www.usaspending.gov/recipient/5ec8b068-a332-c54a-33cc-e66ed69feaf6-P/latest,
1,Lockheed Martin Corp.,F,MGJZVTTC2F21,https://www.usaspending.gov/recipient/5975b9b2-7241-4c5e-80fc-9b206f2971a0-P/latest,
1,Lockheed Martin Corp.,F,U19MJBQXBQM5,https://www.usaspending.gov/recipient/15b86902-7929-9101-47c2-10b8c55d15ab-P/latest,
1,Lockheed Martin Corp.,F,C9KYVLRYE998,https://www.usaspending.gov/recipient/4e79f623-c6e3-c881-a96b-ede108e1a479-P/latest,
1,Lockheed Martin Corp.,F,T96MGA5KTWT3,https://www.usaspending.gov/recipient/34b311fd-7e8e-52eb-7610-2678a5b441f4-P/latest,
1,Lockheed Martin Corp.,F,LHKDVHKNCES3,https://www.usaspending.gov/recipient/0d5e3d40-f011-f507-c0ac-94bfc8c41a3e-P/latest,
1,Lockheed Martin Corp.,F,LBUBB3EAG447,https://www.usaspending.gov/recipient/43675c11-3040-4cc5-366c-21df1a3e4f3d-P/latest,
1,Lockheed Martin Corp.,F,FFJ2NXJMDL87,https://www.usaspending.gov/recipient/32fbd075-c289-c97d-53d2-6714d586ac95-P/latest,
1,Lockheed Martin Corp.,F,SLBKLUGC4N84,https://www.usaspending.gov/recipient/3ea2667c-a457-1aa6-f2e9-0806505eb90e-P/latest,
1,Lockheed Martin Corp.,F,T1VJHAKNHWV5,https://www.usaspending.gov/recipient/86d6777b-0c6b-d12a-865e-55a163b60029-P/latest,
1,Lockheed Martin Corp.,F,J4NAS77CSET3,https://www.usaspending.gov/recipient/84da7fae-9aab-d5ba-0b72-e25c395bf066-P/latest,
1,Lockheed Martin Corp.,F,LJDGB6CXKRK5,https://www.usaspending.gov/recipient/95b69f1c-85e3-2053-a88c-84dad8edd667-P/latest,
1,Lockheed Martin Corp.,F,J249UW36DUW1,https://www.usaspending.gov/recipient/976c081d-eb1c-ecf5-6453-4b456cce8bbe-P/latest,
1,Lockheed Martin Corp.,F,H5THT9JY8SS7,https://www.usaspending.gov/recipient/9bcfe6c0-5ae2-2702-f14a-451218c59dfc-P/latest,
1,Lockheed Martin Corp.,F,PUETYBNR91Z3,https://www.usaspending.gov/recipient/a5b2de24-6fc9-74e0-b942-e623336c523b-P/latest,
1,Lockheed Martin Corp.,F,YKSEFFYMM8X5,https://www.usaspending.gov/recipient/a78d935a-6fca-386a-a6f9-5dd0e13dd00b-P/latest,
1,Lockheed Martin Corp.,F,JXMYEM6CMRU6,https://www.usaspending.gov/recipient/a7ce2fd2-8673-7ff7-0011-061a7cb1f16c-P/latest,
1,Lockheed Martin Corp.,F,XZ1LAKB6BP65,https://www.usaspending.gov/recipient/a80926e5-23e9-4d42-3fc2-40ce829236ec-P/latest,
1,Lockheed Martin Corp.,F,WA8WVFJ5AWR8,https://www.usaspending.gov/recipient/af145d75-4780-8551-47d0-760b5a242561-P/latest,
1,Lockheed Martin Corp.,F,FC23EWYF5KN9,https://www.usaspending.gov/recipient/b24ac951-14bc-2ca5-6b8e-96f63244f2ed-P/latest,
1,Lockheed Martin Corp.,F,LTYUHQHXRJ35,https://www.usaspending.gov/recipient/c075c1e3-0766-7e6b-adb1-d9213a33fa9d-P/latest,
1,Lockheed Martin Corp.,F,WB78SU9XN471,https://www.usaspending.gov/recipient/cbed720c-6c7b-0e95-d6bf-fa8a3ef09f27-P/latest,
1,Lockheed Martin Corp.,F,HFNEBQJ7HCA3,https://www.usaspending.gov/recipient/cda1f3c0-743d-2328-0b80-72b7ba645956-P/latest,
1,Lockheed Martin Corp.,F,JQXXW7LLLSE4,https://www.usaspending.gov/recipient/09a0a62d-af85-c051-037e-1ce78b1a7fc0-P/latest,
1,Lockheed Martin Corp.,F,FFCACKWGH4W9,https://www.usaspending.gov/recipient/0bb5ced2-ab03-b037-69f1-7153e080ccf9-P/latest,
1,Lockheed Martin Corp.,F,LHKDVHKNCES3,https://www.usaspending.gov/recipient/0d5e3d40-f011-f507-c0ac-94bfc8c41a3e-P/latest,
1,Lockheed Martin Corp.,F,PJMHBR195YQ5,https://www.usaspending.gov/recipient/0d77d728-c907-8725-d4c8-8def9650f793-P/latest,
1,Lockheed Martin Corp.,F,U19MJBQXBQM5,https://www.usaspending.gov/recipient/15b86902-7929-9101-47c2-10b8c55d15ab-P/latest,
1,Lockheed Martin Corp.,F,NMTHV5KN3FC5,https://www.usaspending.gov/recipient/24ee5a76-766c-f5fc-80e4-797e2e624387-P/latest,
1,Lockheed Martin Corp.,F,FFJ2NXJMDL87,https://www.usaspending.gov/recipient/32fbd075-c289-c97d-53d2-6714d586ac95-P/latest,
1,Lockheed Martin Corp.,F,T96MGA5KTWT3,https://www.usaspending.gov/recipient/34b311fd-7e8e-52eb-7610-2678a5b441f4-P/latest,
1,Lockheed Martin Corp.,F,SLBKLUGC4N84,https://www.usaspending.gov/recipient/3ea2667c-a457-1aa6-f2e9-0806505eb90e-P/latest,
1,Lockheed Martin Corp.,F,LBUBB3EAG447,https://www.usaspending.gov/recipient/43675c11-3040-4cc5-366c-21df1a3e4f3d-P/latest,
1,Lockheed Martin Corp.,F,C9KYVLRYE998,https://www.usaspending.gov/recipient/4e79f623-c6e3-c881-a96b-ede108e1a479-P/latest,
1,Lockheed Martin Corp.,F,MGJZVTTC2F21,https://www.usaspending.gov/recipient/5975b9b2-7241-4c5e-80fc-9b206f2971a0-P/latest,
1,Lockheed Martin Corp.,F,F92XQFEXBTY5,https://www.usaspending.gov/recipient/5ec8b068-a332-c54a-33cc-e66ed69feaf6-P/latest,
1,Lockheed Martin Corp.,F,D1VSC7TATMG6,https://www.usaspending.gov/recipient/5a5357e2-92e7-cdf9-be68-18a9f826ae7d-P/latest,
1,Lockheed Martin Corp.,F,LX4WN7ZGELJ3,https://www.usaspending.gov/recipient/74cd51e5-5175-26c3-5deb-b68e6f83bf16-P/latest,
1,Lockheed Martin Corp.,F,C7HLL8D7LKC4,https://www.usaspending.gov/recipient/7983c8f4-7401-5e18-2848-2eee44c6622b-P/latest,
1,Lockheed Martin Corp.,F,SMSBVM1N5L53,https://www.usaspending.gov/recipient/7bbe8e87-7d89-4ae6-70ee-01117118a833-P/latest,
1,Lockheed Martin Corp.,F,H5V3JVTM1C41,https://www.usaspending.gov/recipient/f7b098e6-adc2-c250-1259-31e3f4c89fb8-P/latest,
1,Lockheed Martin Corp.,F,JL3LM1YZK3N9,https://www.usaspending.gov/recipient/fd5e510f-5ca3-8915-a4f5-0569da9722d1-P/latest,
1,Lockheed Martin Corp.,F,HU32NX38AC43,https://www.usaspending.gov/recipient/d103d330-1a96-76ac-e0aa-fe7287f50fea-P/latest
1,Lockheed Martin Corp.,F,ZV9RJ9NBCWQ5,https://www.usaspending.gov/recipient/d60a2ff2-1835-babf-7ee2-beca583aab95-P/latest,
1,Lockheed Martin Corp.,F,L6Z9TTTKHEA8,https://www.usaspending.gov/recipient/d808f4ff-b669-75d1-4be7-a50ce30d9ce4-P/latest,
2,Raytheon Technologies,T,PPLZG8J3N9D4,https://www.usaspending.gov/recipient/bb947c1e-56f7-2f71-34d9-b0240c8b117c-P/latest,"PRATT & WHITNEY|UNITED TECHNOLOGIES CORP|UNITED TECHNOLOGIES CORPORATIO|UNITED TECHNOLOGIES CORPORATION|UNITED TECHNOLOGIES CORPORATION (0975)|UNITED TECHNOLOGIES CORPORATION PRATT AND WHITNEY DIVISION|AMI INDUSTRIES INC.|ARINC DIRECT LLC|ARINC INCORPORATED|ASCENSORES OTIS DEL URUGUAY S.A.|ATLANTIC INERTIAL SYSTEMS INC.|AUTOMATED LOGIC CORPORATION|B/E AEROSPACE INC.|BE AEROSPACE INC.|BLUE CANYON TECHNOLOGIES INC.|CARRIER CORPORATION|CARRIER GLOBAL CORPORATION|CARRIER GUAM INC|CARRIER SINGAPORE (PTE) LIMITED|CLAVERHAM LTD|CLOUD CAP TECHNOLOGY INC.|DATA LINK SOLUTIONS L.L.C.|DELAVAN INC.|DELAVAN INC|DETECTOR ELECTRONICS CORPORATION|ESSEFFE & VEA SRL|FORCEPOINT FEDERAL LLC|FREIGHTWATCH INTERNATIONAL (USA) INC|GOODRICH AEROSPACE CANADA LTD|GOODRICH CONTROL SYSTEMS LIMITED|GOODRICH CORPORATION|GOODRICH LIGHTING SYSTEMS INC.|GOODRICH LIGHTING SYSTEMS GMBH|GOODRICH LIMITED|GOODRICH LTD|HAMILTON SUNDSTRAND CORP|HAMILTON SUNDSTRAND CORPORATION|HAMILTON SUNDSTRAND SPACE SYSTEMS INTERNATIONAL INC|HS MARSTON AEROSPACE LTD|INTERTRADE LIMITED|KIDDE TECHNOLOGIES INC.|MACROLINK INC.|N2 IMAGING SYSTEMS|N2 IMAGING SYSTEMS LLC|NORESCO LLC|ONITY INC.|ONITY, INC.|OTIS (PTY) LTD|OTIS DOO|OTIS ELEVADORES LDA|OTIS SP Z O O|PRATT & WHITNEY BELGIUM ENGINE CENTER SPRL|RAYTHEON|RAYTHEON APPLIED SIGNAL TECHNOLOGY INC.|RAYTHEON BBN TECHNOLOGIES CORP.|RAYTHEON BLACKBIRD TECHNOLOGIES INC.|RAYTHEON CANADA LIMITED|RAYTHEON COMMAND AND CONTROL SOLUTIONS LLC|RAYTHEON COMPANY|RAYTHEON CYBER SOLUTIONS|RAYTHEON CYBER SOLUTIONS INC.|RAYTHEON ELECTRONIC SYSTEMS INC|RAYTHEON SI GOVERNMENT SOLUTIONS|RAYTHEON SOUTHEAST ASIA SYSTEMS COMPANY|RAYTHEON SYSTEMS INTERNATIONAL COMPANY|RAYTHEON SYSTEMS LIMITED|RAYTHEON TECHNOLOGIES CO|RAYTHEON/LOCKHEED MARTIN JAVELIN JOINT VENTURE|ROCKWELL COLLINS INC.|ROCKWELL COLLINS CONTROL TECHNOLOGIES INC.|ROCKWELL COLLINS NETWORK ENABLING SOFTWARE INC.|ROCKWELL COLLINS OPTRONICS INC.|ROCKWELL COLLINS SERVICES COMPANY|ROCKWELL COLLINS SIMULAT|ROCKWELL COLLINS SIMULATION & TRAINING SOLUTIONS LLC|ROCKWELL COLLINS, INC.|ROHR INC|ROSEMOUNT AEROSPACE INC.|SENSITECH INC.|SENSORS UNLIMITED INC|SIKORSKY AIRCRAFT CORPORATION|SIMMONDS PRECISION PRODU|SIMMONDS PRECISION PRODUCTS INC.|SKYLINE INDUSTRIES INC|SOLIPSYS CORPORATION|TEAC AEROSPACE TECHNOLOGIES INC.|TSI GROUP INC.|UNITED TECHNOLOGIES CORP|UNITED TECHNOLOGIES CORPORATIO|UNITED TECHNOLOGIES CORPORATION|UNIVERSAL PROPULSION COMPANY INC.|UTC FIRE & SECURITY AMERICAS CORPORATION INC.|WALBAR INC.|WINSLOW MARINE PRODUCTS CORPORATION|WOVEN ELECTRONICS LLC"
2,Raytheon Technologies,F,KLW3ZYL15493,https://www.usaspending.gov/recipient/51bc164d-0975-136d-3fb5-d67ade0957a7-P/latest,
2,Raytheon Technologies,F,E2QLYJCVCF48,https://www.usaspending.gov/recipient/4dce911f-9869-a3ed-853b-a972f3b0691d-P/latest,
2,Raytheon Technologies,F,JPJCZUSL7KQ1,https://www.usaspending.gov/recipient/71590b6c-cea4-ad51-3d27-299cabdffc40-P/latest,
2,Raytheon Technologies,F,WJ11TE8ERKT1,https://www.usaspending.gov/recipient/71cc2e92-f13f-c0a8-06b8-94b0fb345df3-P/latest,
2,Raytheon Technologies,F,DLHETZ8ULDJ7,https://www.usaspending.gov/recipient/54f1d97a-5805-1932-cd76-9e88d1d4f960-P/latest,
2,Raytheon Technologies,F,EMTACMT2J5Q7,https://www.usaspending.gov/recipient/418fa8e7-6fb2-798d-1fff-3d7885a83c38-P/latest,
2,Raytheon Technologies,F,TRDEKMFH6VM5,https://www.usaspending.gov/recipient/59e216bd-cc05-5c89-b067-9456cfabee5e-P/latest,
2,Raytheon Technologies,F,J1XENDW5R2X7,https://www.usaspending.gov/recipient/3bb01d41-6a01-7dc5-67a7-1f9411906591-P/latest,
2,Raytheon Technologies,F,SYUMJX8SCAH1,https://www.usaspending.gov/recipient/3bb01d41-6a01-7dc5-67a7-1f9411906591-P/latest,
2,Raytheon Technologies,F,G3Q2L41RGGD3,https://www.usaspending.gov/recipient/6f37d9e8-90b9-214d-69dd-57cf5cdaac52-P/latest,
2,Raytheon Technologies,F,UTB5X6K1ENA4,https://www.usaspending.gov/recipient/6f2031fb-faa3-90a5-b229-3859d012bb47-P/latest,
2,Raytheon Technologies,F,FESVT4H66TH7,https://www.usaspending.gov/recipient/09e43005-716f-1e4d-1be3-164685604b15-P/latest,
2,Raytheon Technologies,F,HBRJXKDTRG89,https://www.usaspending.gov/recipient/05840319-bca4-6058-f804-52395d003dce-P/latest,
2,Raytheon Technologies,F,UC9RJQYH1QK3,https://www.usaspending.gov/recipient/197170bc-a52c-bee8-842f-334f0002551c-P/latest,
2,Raytheon Technologies,F,D9DKLKAJ48M9,https://www.usaspending.gov/recipient/48ccf047-0c52-058e-11d3-3e71de2671de-P/latest,
2,Raytheon Technologies,F,NN3QQ1NCT3E9,https://www.usaspending.gov/recipient/0676fa26-5930-78a1-d406-f255e5d2e31f-P/latest,
2,Raytheon Technologies,F,YQ8YG53GSM41,https://www.usaspending.gov/recipient/a2f2e33e-af5e-993c-950e-9d54d1d7a2c2-P/latest,
2,Raytheon Technologies,F,CN53BBKSPGV8,https://www.usaspending.gov/recipient/a3f3368d-2420-d2f2-158f-b7629a65419d-P/latest,
2,Raytheon Technologies,F,HFDPGCDRSNM3,https://www.usaspending.gov/recipient/b59f591e-c769-cc03-d1c1-38a145517497-P/latest,
2,Raytheon Technologies,F,NG4MZLB25W46,https://www.usaspending.gov/recipient/0238be6d-aff1-44f0-cc64-3a68c25a1594-P/latest,
2,Raytheon Technologies,F,WEDJWMAA4Z87,https://www.usaspending.gov/recipient/dadec65a-988f-317e-32cb-8b5cd653023a-P/latest,
2,Raytheon Technologies,F,QHK7MWWAJMQ9,https://www.usaspending.gov/recipient/c1a995a5-dcb1-4f5d-5ab8-c35ea96c0028-P/latest,
2,Raytheon Technologies,F,HBRJXKDTRG89,https://www.usaspending.gov/recipient/05840319-bca4-6058-f804-52395d003dce-P/latest,
2,Raytheon Technologies,F,NN3QQ1NCT3E9,https://www.usaspending.gov/recipient/0676fa26-5930-78a1-d406-f255e5d2e31f-P/latest,
2,Raytheon Technologies,F,FESVT4H66TH7,https://www.usaspending.gov/recipient/09e43005-716f-1e4d-1be3-164685604b15-P/latest,
2,Raytheon Technologies,F,UC9RJQYH1QK3,https://www.usaspending.gov/recipient/197170bc-a52c-bee8-842f-334f0002551c-P/latest,
2,Raytheon Technologies,F,SYUMJX8SCAH1,https://www.usaspending.gov/recipient/2b1aa5de-cf58-c873-20be-a5bd6034d71f-P/latest,
2,Raytheon Technologies,F,J1XENDW5R2X7,https://www.usaspending.gov/recipient/3bb01d41-6a01-7dc5-67a7-1f9411906591-P/latest,
2,Raytheon Technologies,F,EMTACMT2J5Q7,https://www.usaspending.gov/recipient/418fa8e7-6fb2-798d-1fff-3d7885a83c38-P/latest,
2,Raytheon Technologies,F,E2QLYJCVCF48,https://www.usaspending.gov/recipient/4dce911f-9869-a3ed-853b-a972f3b0691d-P/latest,
2,Raytheon Technologies,F,TCP5Q14MFGT9,https://www.usaspending.gov/recipient/51733630-bfeb-2316-3c46-85dd5a3f8dfe-P/latest,
2,Raytheon Technologies,F,PWJ8PLVN6YZ8,https://www.usaspending.gov/recipient/61f7af3e-74e6-c190-d613-c3e4ac748143-P/latest,
2,Raytheon Technologies,F,DE82X7XEGA15,https://www.usaspending.gov/recipient/654342c6-e054-15d8-81a6-69f76fa5a3a0-P/latest,
2,Raytheon Technologies,F,D9DKLKAJ48M9,https://www.usaspending.gov/recipient/48ccf047-0c52-058e-11d3-3e71de2671de-P/latest,
2,Raytheon Technologies,F,UTB5X6K1ENA4,https://www.usaspending.gov/recipient/6f2031fb-faa3-90a5-b229-3859d012bb47-P/latest,
2,Raytheon Technologies,F,G3Q2L41RGGD3,https://www.usaspending.gov/recipient/6f37d9e8-90b9-214d-69dd-57cf5cdaac52-P/latest,
2,Raytheon Technologies,F,TRDEKMFH6VM5,https://www.usaspending.gov/recipient/59e216bd-cc05-5c89-b067-9456cfabee5e-P/latest,
2,Raytheon Technologies,F,WJ11TE8ERKT1,https://www.usaspending.gov/recipient/71cc2e92-f13f-c0a8-06b8-94b0fb345df3-P/latest,
2,Raytheon Technologies,F,JPJCZUSL7KQ1,https://www.usaspending.gov/recipient/71590b6c-cea4-ad51-3d27-299cabdffc40-P/latest,
2,Raytheon Technologies,F,DLHETZ8ULDJ7,https://www.usaspending.gov/recipient/54f1d97a-5805-1932-cd76-9e88d1d4f960-P/latest,
2,Raytheon Technologies,F,M8MUQY23KDS3,https://www.usaspending.gov/recipient/2bf45144-6131-2173-0d80-24dc730fb287-P/latest,
2,Raytheon Technologies,F,EFUPHY4B8MH5,https://www.usaspending.gov/recipient/775e142c-e271-3751-308e-8e192d015d7c-P/latest,
2,Raytheon Technologies,F,FDDRALMWSNF7,https://www.usaspending.gov/recipient/7c14b223-01ab-44af-207c-f58eff42cfff-P/latest,
2,Raytheon Technologies,F,J425NKS6D9R5,https://www.usaspending.gov/recipient/7c6dcd77-9373-bc98-4b76-2d3ea7b28df8-P/latest,
2,Raytheon Technologies,F,T2BFHZS64AB1,https://www.usaspending.gov/recipient/f737172f-3f88-b89d-5eb9-5239b4132255-P/latest,
2,Raytheon Technologies,F,QZBNUW94NKB6,https://www.usaspending.gov/recipient/f9a1c38b-3142-a8aa-dfba-695e13475ab0-P/latest,
2,Raytheon Technologies,F,HRUKJA4PMW92,https://www.usaspending.gov/recipient/fc3c5a10-b248-9659-3d4f-070c8e3fbe0a-P/latest,
2,Raytheon Technologies,F,PH12UTKM18R3,https://www.usaspending.gov/recipient/e9db7144-313f-136f-ee3b-fc7b917e271b-P/latest,
2,Raytheon Technologies,F,G3KMRJRKPMS6,https://www.usaspending.gov/recipient/f09d895c-7232-d552-ce2b-0612b22f53ee-P/latest,
2,Raytheon Technologies,F,FDMACTHU1BX1,https://www.usaspending.gov/recipient/a15681c6-72b5-963c-d135-896be9851e2f-P/latest,
2,Raytheon Technologies,F,HU32NX38AC43,https://www.usaspending.gov/recipient/d103d330-1a96-76ac-e0aa-fe7287f50fea-P/latest,
3,Boeing,T,NU2UC8MX6NK1,https://www.usaspending.gov/recipient/419ccd27-d6f4-d363-aeaf-b9e2c3ae6f5d-P/latest,"THE BOEING COMPANY|ARGON ST INC.|ARGON ST. INC.|AVIALL SERVICES INC.|BOEING AEROSPACE OPERATIONS INC.|BOEING CO|BOEING COMPANY THE|BOEING COMPANY, THE|BOEING COMPANY, THE INC|BOEING DISTRIBUTION INC.|BOEING DISTRIBUTION SERVICES INC.|BOEING DISTRIBUTION SERVICES DEFENSE LLC|BOEING DISTRIBUTION SERVICES VI LLC|BOEING DISTRIBUTION SERVICES X INC.|FOREFLIGHT LLC|KLX AEROSPACE SOLUTIONS DEFENSE LLC|M & M AEROSPACE HARDWARE INC.|MILLENNIUM SPACE SYSTEMS INC.|SPECTROLAB INC.|BELL BOEING JOINT PROJECT OFFICE|BELL BOEING JOINT PROJECT OFFI|THE BOEING COMPANY (0674)|TAPESTRY SOLUTIONS, INC.|NAVICO NORWAY AS|MCDONNELL DOUGLAS SERVICES, INC.|MCDONNELL DOUGLAS HELICOPTER COMPANY|LIQUID ROBOTICS, INC.|KESTREL ENTERPRISES, INC|INVENTORY LOCATOR SERVICE, LLC|INSITU, INC.|HRL LABORATORIES, LLC|FRONTIER SYSTEMS INC|FEDERATED SOFTWARE GROUP, INC., THE|EXMERITUS SOFTWARE FEDERAL SYSTEMS, INC|DIGITAL RECEIVER TECHNOLOGY, INC.|CONTINENTAL GRAPHICS CORPORATION|CDM TECHNOLOGIES, INCORPORATED|BOEING US TRAINING AND FLIGHT SERVICES, L.L.C.|BOEING SVS INCORPORATED|BOEING SIKORSKY AIRCRAFT SUPPORT, LLC|BOEING SATELLITE SYSTEMS, INC.|BOEING MANAGEMENT COMPANY|BOEING LAUNCH SERVICES, INC.|BOEING INTELLIGENCE & ANALYTICS, INC.|BOEING INTELLECTUAL PROPERTY LICENSING COMPANY|BOEING DISTRIBUTION, INC.|BOEING DISTRIBUTION SERVICES, INC.|BOEING DISTRIBUTION SERVICES X, INC.|BOEING DISTRIBUTION SERVICES DEFENSE LLC|BOEING DIGITAL SOLUTIONS, INC.|BOEING COMSATCOM SERVICES, INC.|BOEING COMPANY, THE (INC)|BOEING COMPANY|BOEING COMMERCIAL SATELLITE SERVICES, INC.|BOEING AEROSPACE OPERATIONS, INC.|AURORA FLIGHT SCIENCES CORPORATION|2D3, INC."
3,Boeing,F,JHFZTG8ZC9V2,https://www.usaspending.gov/recipient/846d3ff4-b2cb-3924-018c-2dee1e0259b7-P/latest,
3,Boeing,F,M12BAQJG9AF5,https://www.usaspending.gov/recipient/ba4f2c06-dc07-cd68-2036-4185fabd8415-P/latest,
3,Boeing,F,QPHEMY5GN8E8,https://www.usaspending.gov/recipient/76ec002b-48c9-454a-7543-620a8871c5c7-P/latest,
3,Boeing,F,YC25MRLXVH53,https://www.usaspending.gov/recipient/89bf2f9f-cf1e-d1ed-62ea-9d5e4cabaf9a-P/latest,
3,Boeing,F,Q1X5A4K6C6G9,https://www.usaspending.gov/recipient/8b2c025d-3a85-0677-2bf5-c70fc9145619-P/latest,
3,Boeing,F,ND7JL11CAD56,https://www.usaspending.gov/recipient/8cbe237b-45dd-3aec-bdef-e435ef24468d-P/latest,
3,Boeing,F,K15SY34UF3J1,https://www.usaspending.gov/recipient/8f29f0a9-109b-f859-0a31-af7991a7e094-P/latest,
3,Boeing,F,N64BN2M8M5G8,https://www.usaspending.gov/recipient/8f48a02e-4117-705c-08a8-8f7e0a4e56e9-P/latest,
3,Boeing,F,CA8TBMJDW8J8,https://www.usaspending.gov/recipient/b7febb70-2a69-09cf-e514-f9823c42ef9a-P/latest,
3,Boeing,F,DNTTHDQD8N36,https://www.usaspending.gov/recipient/c85c2767-5621-a370-f5d0-c2265e5c6d42-P/latest,
3,Boeing,F,DJPCUNK93A29,https://www.usaspending.gov/recipient/cb49ddb1-caec-e690-daff-59e28efc04b5-P/latest,
3,Boeing,F,EWPWEBSMA8J1,https://www.usaspending.gov/recipient/dbde5f7f-d53e-94e5-356d-771aef11601d-P/latest,
3,Boeing,F,TJ7ASQGRA6B9,https://www.usaspending.gov/recipient/e8f089d0-dff6-ab71-8f9a-cf3d3adff729-P/latest,
3,Boeing,F,DJ8QWMKKC1M5,https://www.usaspending.gov/recipient/09071a3d-cfd6-16e5-e680-4abd6546d14c-P/latest,
3,Boeing,F,M8C1MEVM39L1,https://www.usaspending.gov/recipient/297d234a-617e-8f39-debb-5fd9407f05fc-P/latest,
3,Boeing,F,GLFKK3KBJ8X6,https://www.usaspending.gov/recipient/316d854f-fea1-9ece-46c1-2533d49e9e7c-P/latest,
3,Boeing,F,MCSFAT2688J3,https://www.usaspending.gov/recipient/3c5c7767-f6f3-d82b-fdca-72f173ecd1bd-P/latest,
3,Boeing,F,PQYHNXUNQCV5,https://www.usaspending.gov/recipient/3e544153-b035-d603-ad20-7a44b0df9974-P/latest,
3,Boeing,F,DH7BRRZ1PBA3,https://www.usaspending.gov/recipient/467172e0-4bb3-59b9-7c12-2bad071d4a69-P/latest,
3,Boeing,F,N8UJGSKQW7N3,https://www.usaspending.gov/recipient/4d04e7af-36ad-33ae-7e62-1f95c69fd12e-P/latest,
3,Boeing,F,SE9HBZC9MHN6,https://www.usaspending.gov/recipient/551b2fa8-046b-992d-b119-ba00cd671d23-P/latest,
3,Boeing,F,UDS4SN9GDE55,https://www.usaspending.gov/recipient/26b41802-b123-d754-e086-7e41930b976f-P/latest,
4,Northrop Grumman Corp.,T,NKVZLJL93QT6,https://www.usaspending.gov/recipient/fbe19298-837a-c0c2-9e1d-ff4c0a5ad25a-P/latest,"NORTHROP GRUMMAN SYSTEMS CORP|NORTHROP GRUMMAN CORPORATION|ADAPTIVE OPTICS ASSOCIATES, INC.|ALLIANT TECHSYSTEMS OPERATIONS LLC|ALLIANT TECHSYSTEMS OPERATIONS LLC|AMHERST SYSTEMS INC.|ATK LAUNCH SYSTEMS INC.|ATK LAUNCH SYSTEMS LLC|ATK SPACE SYSTEMS INC|ATK SPACE SYSTEMS INC.|ATK SPACE SYSTEMS LLC|COI CERAMICS INC.|CUTTING EDGE OPTRONICS, INC.|INTEGIC|NORTHROP GRUMMAN ADVANCED INFORMATION SERVICES, INC|NORTHROP GRUMMAN CORPORA|NORTHROP GRUMMAN CORPORATION|NORTHROP GRUMMAN DEFENSE MISSION SYSTEMS INC.|NORTHROP GRUMMAN DEFENSE MISSION SYSTEMS, INC.|NORTHROP GRUMMAN ENTERPRISE MANAGEMENT SERVICES CORPORATION|NORTHROP GRUMMAN FIELD SUPPORT SERVICES INC|NORTHROP GRUMMAN GLOBAL HOLDINGS LIMITED|NORTHROP GRUMMAN GUIDANCE AND ELECTRONICS COMPANY INC.|NORTHROP GRUMMAN INFORMATION TECHNOLOGY INC|NORTHROP GRUMMAN INNOVATION SYSTEMS INC.|NORTHROP GRUMMAN INTERNATIONAL TRADING, INC.|NORTHROP GRUMMAN ITALIA SPA|NORTHROP GRUMMAN OVERSEAS SERVICE CORPORATION|NORTHROP GRUMMAN M5 NETWORK SECURITY, INC|NORTHROP GRUMMAN SECURITY SYSTEMS, LLC|NORTHROP GRUMMAN SHIP SYSTEMS|NORTHROP GRUMMAN SPACE & MISSION SYSTEMS CORP.|NORTHROP GRUMMAN SPERRY MARINE B.V.|NORTHROP GRUMMAN SUPPORT SERVICES CORP|NORTHROP GRUMMAN SYSTEMS CORP|NORTHROP GRUMMAN SYSTEMS CORPORATION|NORTHROP GRUMMAN TECHNICAL SERVICES, INC.|ORBITAL SCIENCES CORPORATION|ORBITAL SCIENCES LLC|PARK AIR SYSTEMS LTD|REMOTEC INC.|SCALED COMPOSITES LLC|SPACE LOGISTICS LLC|VINNELL ARABIA COMPANY|TITAN II INC."
4,Northrop Grumman Corp.,F,EU5DMENAGD85,https://www.usaspending.gov/recipient/2862a996-6f56-ac67-0049-3947c61a4086-P/latest,
4,Northrop Grumman Corp.,F,GBT9FWWFJKP3,https://www.usaspending.gov/recipient/77fb244c-cd14-671a-3531-efaa69687886-P/latest,
4,Northrop Grumman Corp.,F,U7VWYJMDK445,https://www.usaspending.gov/recipient/dcb23832-4cb1-b12d-b456-0458f8a241ec-P/latest,
4,Northrop Grumman Corp.,F,CWKBR4M8BLV5,https://www.usaspending.gov/recipient/1537b7c8-bd88-bdb2-4a8a-13cabd10ed2e-P/latest,
4,Northrop Grumman Corp.,F,S8PSXLJ8FEG3,https://www.usaspending.gov/recipient/bdc96adb-6f8c-d02a-ba23-44690342ac97-P/latest,
4,Northrop Grumman Corp.,F,KWRDJ18V6LM5,https://www.usaspending.gov/recipient/41b74461-50a3-f81b-6dd8-87b1c3a36459-P/latest,
4,Northrop Grumman Corp.,F,MZP9UGL76NX8,https://www.usaspending.gov/recipient/67935d45-bfc9-cc7e-0ed9-72127e88eccf-P/latest,
4,Northrop Grumman Corp.,F,JZP1LP41N9Z7,https://www.usaspending.gov/recipient/3f6e97a4-6737-9476-88a9-408dd61411f7-P/latest,
4,Northrop Grumman Corp.,F,G7E7ZSRKME17,https://www.usaspending.gov/recipient/8db6e07b-8e15-ab06-8e19-3858c6a16e71-P/latest,
4,Northrop Grumman Corp.,F,R1KQZ9177MF1,https://www.usaspending.gov/recipient/25bac2b0-6305-9f12-88ef-6127451cfa6a-P/latest,
4,Northrop Grumman Corp.,F,F2ZBYAVE9L98,https://www.usaspending.gov/recipient/8a27b321-7fc3-7e8d-f3df-31797832b7fa-P/latest,
4,Northrop Grumman Corp.,F,GGTDQ2S8U9S1,https://www.usaspending.gov/recipient/c7714e42-1c63-5e4a-8da1-dead9737b4b8-P/latest,
4,Northrop Grumman Corp.,F,U9K5JDEXJKK8,https://www.usaspending.gov/recipient/c77c488b-e076-1357-641d-a764aa25f214-P/latest,
4,Northrop Grumman Corp.,F,YHELZ3AFBRZ3,https://www.usaspending.gov/recipient/ce117e42-a10d-a6cc-a32f-0766a9a56328-P/latest,
4,Northrop Grumman Corp.,F,HYYFJ7KVF3Z3,https://www.usaspending.gov/recipient/d7abc38f-e774-e315-cdd6-6e7696c6703a-P/latest,
4,Northrop Grumman Corp.,F,LDRQZGARKVQ4,https://www.usaspending.gov/recipient/db8e4a52-ef64-a822-a67f-e1816a8d949f-P/latest,
4,Northrop Grumman Corp.,F,EHBBTWLFSMW1,https://www.usaspending.gov/recipient/e68195c5-489b-6025-5dd1-0d0b9c66a757-P/latest,
4,Northrop Grumman Corp.,F,GFKCJ59LLKF1,https://www.usaspending.gov/recipient/e763f8bb-8ccc-8c47-59f6-339382f869c9-P/latest,
4,Northrop Grumman Corp.,F,LW8RAR78D8J9,https://www.usaspending.gov/recipient/e7b0b6aa-584f-a448-85ee-e89e24b2b374-P/latest,
4,Northrop Grumman Corp.,F,E467WEE1X963,https://www.usaspending.gov/recipient/f062df83-51d2-1f1f-3ce8-620286ba3bcb-P/latest,
4,Northrop Grumman Corp.,F,M21EL9B5J2E1,https://www.usaspending.gov/recipient/0973aec6-d6c5-3741-1192-c04ab828fdf6-P/latest,
4,Northrop Grumman Corp.,F,MHAMLFPHJ3E4,https://www.usaspending.gov/recipient/1fcb8323-d405-155f-2e38-af524296c924-P/latest,
4,Northrop Grumman Corp.,F,VKDVJZ6XLYB5,https://www.usaspending.gov/recipient/33e408ff-dcf5-d004-19c6-30915780107f-P/latest,
4,Northrop Grumman Corp.,F,KWRDJ18V6LM5,https://www.usaspending.gov/recipient/41b74461-50a3-f81b-6dd8-87b1c3a36459-P/latest,
4,Northrop Grumman Corp.,F,V3P1JLLL3XV4,https://www.usaspending.gov/recipient/577dccb4-f812-71e8-c677-06ca136abf94-P/latest,
4,Northrop Grumman Corp.,F,CT3MK8937PA9,https://www.usaspending.gov/recipient/66b32dc9-8e95-b99a-5c70-5ca80593c0b3-P/latest,
4,Northrop Grumman Corp.,F,RN4HKXHSW7E5,https://www.usaspending.gov/recipient/69081bee-581d-3833-735f-0ccbac3b3b7c-P/latest,
4,Northrop Grumman Corp.,F,UEHYBZAKN2U7,https://www.usaspending.gov/recipient/0aa62732-0cb3-e49b-466e-a022511865f3-P/latest,
4,Northrop Grumman Corp.,F,R1KQZ9177MF1,https://www.usaspending.gov/recipient/25bac2b0-6305-9f12-88ef-6127451cfa6a-P/latest,
4,Northrop Grumman Corp.,F,JZP1LP41N9Z7,https://www.usaspending.gov/recipient/3f6e97a4-6737-9476-88a9-408dd61411f7-P/latest,
4,Northrop Grumman Corp.,F,MZP9UGL76NX8,https://www.usaspending.gov/recipient/67935d45-bfc9-cc7e-0ed9-72127e88eccf-P/latest,
4,Northrop Grumman Corp.,F,S8PSXLJ8FEG3,https://www.usaspending.gov/recipient/bdc96adb-6f8c-d02a-ba23-44690342ac97-P/latest,
4,Northrop Grumman Corp.,F,CWKBR4M8BLV5,https://www.usaspending.gov/recipient/1537b7c8-bd88-bdb2-4a8a-13cabd10ed2e-P/latest,
4,Northrop Grumman Corp.,F,U7VWYJMDK445,https://www.usaspending.gov/recipient/dcb23832-4cb1-b12d-b456-0458f8a241ec-P/latest,
4,Northrop Grumman Corp.,F,GBT9FWWFJKP3,https://www.usaspending.gov/recipient/77fb244c-cd14-671a-3531-efaa69687886-P/latest,
4,Northrop Grumman Corp.,F,FRUNDD6UBZX3,https://www.usaspending.gov/recipient/8144fb07-173f-8b6d-115b-a623884fd3c6-P/latest,
4,Northrop Grumman Corp.,F,K8PXW2GGLES5,https://www.usaspending.gov/recipient/846677b2-2ec4-46e4-ba92-ac8dd755acc2-P/latest,
4,Northrop Grumman Corp.,F,HL82HRSKG4E9,https://www.usaspending.gov/recipient/86ba1ea9-ed12-bb12-69bf-068368847409-P/latest,
4,Northrop Grumman Corp.,F,F2ZBYAVE9L98,https://www.usaspending.gov/recipient/8a27b321-7fc3-7e8d-f3df-31797832b7fa-P/latest,
4,Northrop Grumman Corp.,F,G7E7ZSRKME17,https://www.usaspending.gov/recipient/8db6e07b-8e15-ab06-8e19-3858c6a16e71-P/latest,
4,Northrop Grumman Corp.,F,GNM2QUJLMGV9,https://www.usaspending.gov/recipient/f56e9da2-75b9-763c-eda8-451db68ae6e0-P/latest,
4,Northrop Grumman Corp.,F,LKHSK7MEQEJ1,https://www.usaspending.gov/recipient/4d2b7e96-1fb9-1b60-653e-fb84b64eb7d2-P/latest,
4,Northrop Grumman Corp.,F,GJVCPEBZV574,https://www.usaspending.gov/recipient/d7c3364d-3864-857f-aa3d-872c2b69fa94-P/latest,

5,General Dynamics Corp.,T,VF58HFRNGEL8,https://www.usaspending.gov/recipient/f58f9621-d1de-5f11-1041-3c65987927ff-P/latest,
5,General Dynamics Corp.,F,LDUJLC79HNK5,
6,BAE Systems,T,E5K9VR2A1MW9,https://www.usaspending.gov/recipient/000b3849-6e7c-5af3-8e3a-22f51f29040c-P/latest,
6,BAE Systems,F,LWM1FFQ935S8,https://www.usaspending.gov/recipient/edf2b2b6-4df9-6ded-1ce9-20413c08ae97-P/latest,
7,NORINCO,,,,
8,AVIC,,,,
9,CETC,,,,
10,L3Harris Technologies,T,SJULQDJ8NZU7,https://www.usaspending.gov/recipient/12b896e2-1ad1-3536-da90-51b17b1b316b-P/latest,
10,L3Harris Technologies,F,ENMFLGV87MS4,https://www.usaspending.gov/recipient/8beded26-8074-58f5-93e9-67ed780b7ac4-P/latest,
11,Airbus,T,QM7GAR7U8NK3,https://www.usaspending.gov/recipient/b2d3e0bc-8e42-adf3-3748-ede0332e51b3-P/latest,
S,BAE Systems Inc. (BAE Systems UK),T,MJDNAS47MHP6,https://www.usaspending.gov/recipient/d3a20993-d49d-0b06-4b1b-d7d2244c139f-P/latest,
12,CASIC,,,,
13,Leonardo,T,W8PTMRME1496,https://www.usaspending.gov/recipient/ffab0f25-5f26-9c0b-f315-91874fb8700f-P/latest,
13,Leonardo,F,UP54BEGGMGV5,https://www.usaspending.gov/recipient/f73d6fc6-be43-2ae0-0cfb-4586e0c5a1f8-P/latest,
14,Thales,T,QWSHM2ZMJNB4,https://www.usaspending.gov/recipient/8323d287-791e-4d29-8aff-66045d677f9e-P/latest,
14,Thales,F,FESVT4H66TH7,https://www.usaspending.gov/recipient/09e43005-716f-1e4d-1be3-164685604b15-P/latest,
15,Huntington Ingalls Industries,T,F9SDJAZFTLG6,https://www.usaspending.gov/recipient/4faceaf7-6b86-e81b-0a28-3412e49aec04-P/latest
16,Leidos,T,ZL41ERXMPAR3,https://www.usaspending.gov/recipient/3b1c9c58-1f9e-8125-7105-02f4ff2c5b8b-P/latest,
17,Almaz-Antey,,,,
18,Honeywell International,T,YBVGQEYENNM6,https://www.usaspending.gov/recipient/7633e6a7-b265-9555-210b-c3443cb6d529-P/latest,
19,Booz Allen Hamilton,T,MBPHTU7Y9S65,https://www.usaspending.gov/recipient/ed02855e-60d7-2540-e3d7-18fba1dd1316-P/latest,
19,Booz Allen Hamilton,F,F4H1XCKLJ2H3,https://www.usaspending.gov/recipient/b931beee-6e69-7720-de28-c2ad20535123-P/latest,
20,CSGC,,,
21,United Aircraft Corp.,,,
22,Rolls-Royce,VE65QFAKCLG7,
22,Rolls-Royce,K1CMWXCNLD97,
23,EDGE,
24,General Electric,
25,Safran,
26,Mitsubishi Heavy Industries,
27,Rheinmetall,
28,Elbit Systems,
29,CACI International,
30,MBDA,
31,Naval Group,
32,Dassault Aviation Group,
33,United Shipbuilding Corp.,
34,Textron,
35,Israel Aerospace Industries,
S,Airbus Helicopters Inc (Airbus Group  WEU),
S,Sandia Corp. (Lockheed Martin  USA),
36,Saab,
37,Science Applications International Corp.,
38,Tactical Missiles Corp.,
39,Babcock International Group,
40,Perspecta,
41,Amentum,
42,Hindustan Aeronautics,
43,KBR,
44,United Engine Corp.,
45,General Atomics,
46,Rafael,
47,Fincantieri,
48,CEA,
49,Oshkosh Corp.,
50,Hanwha Aerospace,
S,Bell Helicopter Textron (Textron  USA),
51,ASELSAN,
52,TransDigm Group,
53,Kawasaki Heavy Industries,
54,Bechtel Corp.,
55,ThyssenKrupp,
56,Jacobs Engineering Group,
57,ManTech International Corp.,
58,KRET,
59,Sierra Nevada Corp.,
60,Indian Ordnance Factories,
61,ST Engineering,
62,Serco Group,
63,Korea Aerospace Industries,
64,Fluor Corp.,
65,BWX Technologies,
66,Bharat Electronics,
67,DynCorp International,
68,PGZ,
69,Melrose Industries,
70,Krauss-Maffei Wegmann,
71,Russian Electronics,
72,Parsons Corp.,
73,LIG Nex1,
74,Vectrus,
75,Aerojet Rocketdyne,
76,Fujitsu,
77,UkrOboronProm,
78,Hensoldt,
79,Curtiss-Wright Corp.,
80,QinetiQ,
S,Hanwha Defense (Hanwha Aerospace  South Korea),
81,Russian Helicopters,
82,Moog,
83,Nexter,
84,Navantia,
85,Hanwha Corp.,
86,UralVagonZavod,
87,Pacific Architects and Engineers,
88,Ball Corp.,
89,Teledyne Technologies,
90,IHI Corp.,
91,Amphenol Corp.,
92,United Launch Alliance,
93,Howmet Aerospace,
S,Devonport Royal Dockyard (Babcock International Group  UK),
94,The Aerospace Corp.,
95,Meggitt,
S,Hanwha Systems (Hanwha Aerospace  South Korea),
96,ViaSat,
97,Mitsubishi Electric Corp.,
98,CAE,
99,Mercury Systems,
100,Kongsberg Gruppen,